CODE,DISPLAY
1,PONTIFICIA UNIVERSIDAD CATÓLICA DE VALPARAÍSO
2,UNIVERSIDAD ACADEMIA DE HUMANISMO CRISTIANO
3,UNIVERSIDAD ADVENTISTA DE CHILE
4,UNIVERSIDAD ADOLFO IBÁÑEZ
5,UNIVERSIDAD ALBERTO HURTADO
6,UNIVERSIDAD ANDRÉS BELLO
7,UNIVERSIDAD ARTURO PRAT
8,UNIVERSIDAD AUSTRAL DE CHILE
9,UNIVERSIDAD AUTÓNOMA DE CHILE
10,UNIVERSIDAD BERNARDO O HIGGINS
11,UNIVERSIDAD CATÓLICA DE LA SANTÍSIMA CONCEPCIÓN
12,UNIVERSIDAD CATÓLICA SILVA HENRÍQUEZ
13,UNIVERSIDAD CATÓLICA DE TEMUCO
14,UNIVERSIDAD CATÓLICA DEL MAULE
15,UNIVERSIDAD CATÓLICA DEL NORTE
16,UNIVERSIDAD CENTRAL DE CHILE
17,UNIVERSIDAD DE ANTOFAGASTA
18,UNIVERSIDAD DE ARTE Y CIENCIAS SOCIALES ARCIS
19,"UNIVERSIDAD DE ARTES, CIENCIAS Y COMUNICACIÓN UNIACC"
20,UNIVERSIDAD DE ATACAMA
21,UNIVERSIDAD UCINF
22,UNIVERSIDAD DE CHILE
23,UNIVERSIDAD DE CONCEPCIÓN
24,UNIVERSIDAD DE LA FRONTERA
25,UNIVERSIDAD DE LA SERENA
26,UNIVERSIDAD DE LAS AMÉRICAS
27,UNIVERSIDAD DE LOS ANDES
28,UNIVERSIDAD DE LOS LAGOS
29,UNIVERSIDAD DE MAGALLANES
30,UNIVERSIDAD DE PLAYA ANCHA DE CIENCIAS DE LA EDUCACIÓN
31,UNIVERSIDAD DE SANTIAGO DE CHILE
32,UNIVERSIDAD DE TALCA
33,UNIVERSIDAD DE TARAPACÁ
34,UNIVERSIDAD DE VALPARAÍSO
35,UNIVERSIDAD DE VIÑA DEL MAR
36,UNIVERSIDAD DEL BÍO-BÍO
37,UNIVERSIDAD DEL MAR
38,UNIVERSIDAD DEL DESARROLLO
39,UNIVERSIDAD DEL PACÍFICO
40,UNIVERSIDAD DIEGO PORTALES
41,UNIVERSIDAD FINIS TERRAE
42,UNIVERSIDAD IBEROAMERICANA DE CIENCIAS Y TECNOLOGÍA UNICIT
43,UNIVERSIDAD LA REPÚBLICA
44,UNIVERSIDAD DEL ALBA
45,UNIVERSIDAD METROPOLITANA DE CIENCIAS DE LA EDUCACIÓN
46,UNIVERSIDAD SAN SEBASTIÁN
47,UNIVERSIDAD TÉCNICA FEDERICO SANTA MARÍA
48,UNIVERSIDAD TECNOLÓGICA DE CHILE INACAP
49,UNIVERSIDAD SANTO TOMÁS
50,UNIVERSIDAD TECNOLÓGICA METROPOLITANA
51,UNIVERSIDAD MAYOR
52,UNIVERSIDAD SEK
53,UNIVERSIDAD GABRIELA MISTRAL
54,UNIVERSIDAD MIGUEL DE CERVANTES
55,UNIVERSIDAD BOLIVARIANA
56,UNIVERSIDAD LOS LEONES
57,INSTITUTO PROFESIONAL AIEP
58,INSTITUTO PROFESIONAL DE CHILE
59,INSTITUTO PROFESIONAL DIEGO PORTALES
60,INSTITUTO PROFESIONAL DUOC UC
61,INSTITUTO PROFESIONAL INACAP
62,INSTITUTO PROFESIONAL VIRGINIO GÓMEZ
63,INSTITUTO PROFESIONAL CARLOS CASANUEVA
64,INSTITUTO PROFESIONAL LOS LEONES
65,INSTITUTO PROFESIONAL VALLE CENTRAL
66,"INSTITUTO PROFESIONAL LATINOAMERICANO DE COMERCIO EXTERIOR, IPLACEX"
