CODE,DISPLAY
1,Servicio de Salud Arica y Parinacota
2,Servicio de Salud Tarapacá
3,Servicio de Salud Antofagasta
4,Servicio de Salud Atacama
5,Servicio de Salud Coquimbo
6,Servicio de Salud Valparaíso San Antonio
7,Servicio de Salud Viña del Mar Quillota
8,Servicio de Salud Aconcagua
9,Servicio de Salud Metropolitano Norte
10,Servicio de Salud Metropolitano Occidente
11,Servicio de Salud Metropolitano Central
12,Servicio de Salud Metropolitano Oriente
13,Servicio de Salud Metropolitano Sur
14,Servicio de Salud Metropolitano Sur Oriente
15,Servicio de Salud Del Libertador B. O’Higgins
16,Servicio de Salud Del Maule
17,Servicio de Salud Ñuble
18,Servicio de Salud Concepción
19,Servicio de Salud Talcahuano
20,Servicio de Salud Biobío
21,Servicio de Salud Araucanía Sur
22,Servicio de Salud Los Ríos
23,Servicio de Salud Osorno
24,Servicio de Salud Del Reloncaví
25,Servicio de Salud Aisén
26,Servicio de Salud Magallanes
28,Servicio de Salud Arauco
29,Servicio de Salud Araucanía Norte
33,Servicio de Salud Chiloé
95,Hospital  Digital
