CODE,DISPLAY
011,IQUIQUE
014,TAMARUGAL
021,ANTOFAGASTA
022,EL LOA
023,TOCOPILLA
031,COPIAPÓ
032,CHAÑARAL
033,HUASCO
041,ELQUI
042,CHOAPA
043,LIMARÍ
051,VALPARAÍSO
052,ISLA DE PASCUA
053,LOS ANDES
054,PETORCA
055,QUILLOTA
056,SAN ANTONIO
057,SAN FELIPE DE ACONCAGUA
058,MARGA MARGA
061,CACHAPOAL
062,CARDENAL CARO
063,COLCHAGUA
071,TALCA
072,CAUQUENES
073,CURICÓ
074,LINARES
081,CONCEPCIÓN
082,ARAUCO
083,BIOBÍO
091,CAUTÍN
092,MALLECO
101,LLANQUIHUE
102,CHILOÉ
103,OSORNO
104,PALENA
111,COIHAIQUE
112,CAPITÁN PRAT
113,AISÉN
114,GENERAL CARRERA
121,MAGALLANES
122,ANTÁRTICA CHILENA
123,TIERRA DEL FUEGO
124,ULTIMA ESPERANZA
131,SANTIAGO
132,CORDILLERA
133,CHACABUCO
134,MAIPO
135,MELIPILLA
136,TALAGANTE
141,VALDIVIA
142,RANCO
151,ARICA
152,PARINACOTA
161,DIGUILLÍN
162,ITATA
163,PUNILLA
999,DESCONOCIDA
