CODE,DISPLAY
1,"Miembro del Poder Ejecutivo de los Cuerpos Legislativos, Personal Directivo de la Administración Pública y de Empresa."
2,Profesionales Científicos o Intelectuales.
3,Técnicos y Profesionales de Nivel Medio
4,Empleados de Oficina
5,Trabajadores de los Servicios y Vendedores de Comercio y Mercado
6,Agricultores y Trabajadores Calificados Agropecuarios y Pesqueros
7,"Oficiales, Operarios y Artesanos de Artes Mecánicas y de Otros Oficios"
8,Operadores de Instalaciones y Máquinas y Montadoras
9,Trabajadores No Calificados
10,Fuerzas Armadas
99,Desconocido
